{"cameraMode":{"drawMode":0,"name":"Shaded","section":"Shading Mode"},"sceneLighting":true,"audioPlay":false,"sceneViewState":{"showFog":true,"showMaterialUpdate":false,"showSkybox":true,"showFlares":true,"showImageEffects":true,"showParticleSystems":true},"in2DMode":false,"pivot":{"x":-3.5111305713653566,"y":1.9591782093048096,"z":7.891190528869629},"rotation":{"x":-0.04414902999997139,"y":0.6102690696716309,"z":-0.034094102680683139,"w":-0.7902336716651917},"size":19.678842544555665,"orthographic":false}